{
  "__type__": "cc.SpriteFrame",
  "content": {
    "name": "big_black_10",
    "atlas": "",
    "rect": {
      "x": 1,
      "y": 1,
      "width": 148,
      "height": 140
    },
    "offset": {
      "x": 0.5,
      "y": -0.5
    },
    "originalSize": {
      "width": 149,
      "height": 141
    },
    "rotated": false,
    "capInsets": [
      0,
      0,
      0,
      0
    ],
    "vertices": {
      "rawPosition": [
        -74,
        -70,
        0,
        74,
        -70,
        0,
        -74,
        70,
        0,
        74,
        70,
        0
      ],
      "indexes": [
        0,
        1,
        2,
        2,
        1,
        3
      ],
      "uv": [
        1,
        140,
        149,
        140,
        1,
        0,
        149,
        0
      ],
      "nuv": [
        0.006711409395973154,
        0,
        1,
        0,
        0.006711409395973154,
        0.9929078014184397,
        1,
        0.9929078014184397
      ],
      "minPos": {
        "x": -74,
        "y": -70,
        "z": 0
      },
      "maxPos": {
        "x": 74,
        "y": 70,
        "z": 0
      }
    },
    "texture": "d308c009-689a-4576-a026-1db122eb2b71@6c48a",
    "packable": true,
    "pixelsToUnit": 100,
    "pivot": {
      "x": 0.5,
      "y": 0.5
    },
    "meshType": 0
  }
}