{
  "__type__": "cc.SpriteFrame",
  "content": {
    "name": "big_black_7",
    "atlas": "",
    "rect": {
      "x": 0,
      "y": 1,
      "width": 78,
      "height": 136
    },
    "offset": {
      "x": 0,
      "y": 0
    },
    "originalSize": {
      "width": 78,
      "height": 138
    },
    "rotated": false,
    "capInsets": [
      0,
      0,
      0,
      0
    ],
    "vertices": {
      "rawPosition": [
        -39,
        -68,
        0,
        39,
        -68,
        0,
        -39,
        68,
        0,
        39,
        68,
        0
      ],
      "indexes": [
        0,
        1,
        2,
        2,
        1,
        3
      ],
      "uv": [
        0,
        137,
        78,
        137,
        0,
        1,
        78,
        1
      ],
      "nuv": [
        0,
        0.007246376811594203,
        1,
        0.007246376811594203,
        0,
        0.9927536231884058,
        1,
        0.9927536231884058
      ],
      "minPos": {
        "x": -39,
        "y": -68,
        "z": 0
      },
      "maxPos": {
        "x": 39,
        "y": 68,
        "z": 0
      }
    },
    "texture": "4a5bc5df-c616-4264-a25a-e499e1b1fadb@6c48a",
    "packable": true,
    "pixelsToUnit": 100,
    "pivot": {
      "x": 0.5,
      "y": 0.5
    },
    "meshType": 0
  }
}