{
  "__type__": "cc.SpriteFrame",
  "content": {
    "name": "small_red_J",
    "atlas": "",
    "rect": {
      "x": 0,
      "y": 1,
      "width": 24,
      "height": 45
    },
    "offset": {
      "x": -1.5,
      "y": 0
    },
    "originalSize": {
      "width": 27,
      "height": 47
    },
    "rotated": false,
    "capInsets": [
      0,
      0,
      0,
      0
    ],
    "vertices": {
      "rawPosition": [
        -12,
        -22.5,
        0,
        12,
        -22.5,
        0,
        -12,
        22.5,
        0,
        12,
        22.5,
        0
      ],
      "indexes": [
        0,
        1,
        2,
        2,
        1,
        3
      ],
      "uv": [
        0,
        46,
        24,
        46,
        0,
        1,
        24,
        1
      ],
      "nuv": [
        0,
        0.02127659574468085,
        0.8888888888888888,
        0.02127659574468085,
        0,
        0.9787234042553191,
        0.8888888888888888,
        0.9787234042553191
      ],
      "minPos": {
        "x": -12,
        "y": -22.5,
        "z": 0
      },
      "maxPos": {
        "x": 12,
        "y": 22.5,
        "z": 0
      }
    },
    "texture": "592f7c67-97bf-4621-b8ac-40f05583d863@6c48a",
    "packable": true,
    "pixelsToUnit": 100,
    "pivot": {
      "x": 0.5,
      "y": 0.5
    },
    "meshType": 0
  }
}