{
  "__type__": "cc.SpriteFrame",
  "content": {
    "name": "big_red_10",
    "atlas": "",
    "rect": {
      "x": 2,
      "y": 0,
      "width": 146,
      "height": 141
    },
    "offset": {
      "x": 0.5,
      "y": 0
    },
    "originalSize": {
      "width": 149,
      "height": 141
    },
    "rotated": false,
    "capInsets": [
      0,
      0,
      0,
      0
    ],
    "vertices": {
      "rawPosition": [
        -73,
        -70.5,
        0,
        73,
        -70.5,
        0,
        -73,
        70.5,
        0,
        73,
        70.5,
        0
      ],
      "indexes": [
        0,
        1,
        2,
        2,
        1,
        3
      ],
      "uv": [
        2,
        141,
        148,
        141,
        2,
        0,
        148,
        0
      ],
      "nuv": [
        0.013422818791946308,
        0,
        0.9932885906040269,
        0,
        0.013422818791946308,
        1,
        0.9932885906040269,
        1
      ],
      "minPos": {
        "x": -73,
        "y": -70.5,
        "z": 0
      },
      "maxPos": {
        "x": 73,
        "y": 70.5,
        "z": 0
      }
    },
    "texture": "3468985f-84a7-4acf-9e16-0b04de541050@6c48a",
    "packable": true,
    "pixelsToUnit": 100,
    "pivot": {
      "x": 0.5,
      "y": 0.5
    },
    "meshType": 0
  }
}