{
  "__type__": "cc.SpriteFrame",
  "content": {
    "name": "big_red_9",
    "atlas": "",
    "rect": {
      "x": 0,
      "y": 1,
      "width": 88,
      "height": 139
    },
    "offset": {
      "x": 0,
      "y": -0.5
    },
    "originalSize": {
      "width": 88,
      "height": 140
    },
    "rotated": false,
    "capInsets": [
      0,
      0,
      0,
      0
    ],
    "vertices": {
      "rawPosition": [
        -44,
        -69.5,
        0,
        44,
        -69.5,
        0,
        -44,
        69.5,
        0,
        44,
        69.5,
        0
      ],
      "indexes": [
        0,
        1,
        2,
        2,
        1,
        3
      ],
      "uv": [
        0,
        139,
        88,
        139,
        0,
        0,
        88,
        0
      ],
      "nuv": [
        0,
        0,
        1,
        0,
        0,
        0.9928571428571429,
        1,
        0.9928571428571429
      ],
      "minPos": {
        "x": -44,
        "y": -69.5,
        "z": 0
      },
      "maxPos": {
        "x": 44,
        "y": 69.5,
        "z": 0
      }
    },
    "texture": "a669c17d-0e75-421a-9729-2b73c3536121@6c48a",
    "packable": true,
    "pixelsToUnit": 100,
    "pivot": {
      "x": 0.5,
      "y": 0.5
    },
    "meshType": 0
  }
}