{
  "__type__": "cc.SpriteFrame",
  "content": {
    "name": "big_red_8",
    "atlas": "",
    "rect": {
      "x": 1,
      "y": 1,
      "width": 90,
      "height": 140
    },
    "offset": {
      "x": 0.5,
      "y": -0.5
    },
    "originalSize": {
      "width": 91,
      "height": 141
    },
    "rotated": false,
    "capInsets": [
      0,
      0,
      0,
      0
    ],
    "vertices": {
      "rawPosition": [
        -45,
        -70,
        0,
        45,
        -70,
        0,
        -45,
        70,
        0,
        45,
        70,
        0
      ],
      "indexes": [
        0,
        1,
        2,
        2,
        1,
        3
      ],
      "uv": [
        1,
        140,
        91,
        140,
        1,
        0,
        91,
        0
      ],
      "nuv": [
        0.01098901098901099,
        0,
        1,
        0,
        0.01098901098901099,
        0.9929078014184397,
        1,
        0.9929078014184397
      ],
      "minPos": {
        "x": -45,
        "y": -70,
        "z": 0
      },
      "maxPos": {
        "x": 45,
        "y": 70,
        "z": 0
      }
    },
    "texture": "36a4a4c9-5cea-43f9-a785-a6a1c07c02c2@6c48a",
    "packable": true,
    "pixelsToUnit": 100,
    "pivot": {
      "x": 0.5,
      "y": 0.5
    },
    "meshType": 0
  }
}