{
  "__type__": "cc.SpriteFrame",
  "content": {
    "name": "small_black_2",
    "atlas": "",
    "rect": {
      "x": 0,
      "y": 0,
      "width": 25,
      "height": 45
    },
    "offset": {
      "x": -0.5,
      "y": 0.5
    },
    "originalSize": {
      "width": 26,
      "height": 46
    },
    "rotated": false,
    "capInsets": [
      0,
      0,
      0,
      0
    ],
    "vertices": {
      "rawPosition": [
        -12.5,
        -22.5,
        0,
        12.5,
        -22.5,
        0,
        -12.5,
        22.5,
        0,
        12.5,
        22.5,
        0
      ],
      "indexes": [
        0,
        1,
        2,
        2,
        1,
        3
      ],
      "uv": [
        0,
        46,
        25,
        46,
        0,
        1,
        25,
        1
      ],
      "nuv": [
        0,
        0.021739130434782608,
        0.9615384615384616,
        0.021739130434782608,
        0,
        1,
        0.9615384615384616,
        1
      ],
      "minPos": {
        "x": -12.5,
        "y": -22.5,
        "z": 0
      },
      "maxPos": {
        "x": 12.5,
        "y": 22.5,
        "z": 0
      }
    },
    "texture": "d8ef205f-1de7-4d5c-8088-0dc5bcee2142@6c48a",
    "packable": true,
    "pixelsToUnit": 100,
    "pivot": {
      "x": 0.5,
      "y": 0.5
    },
    "meshType": 0
  }
}