{
  "__type__": "cc.SpriteFrame",
  "content": {
    "name": "big_black_8",
    "atlas": "",
    "rect": {
      "x": 1,
      "y": 1,
      "width": 90,
      "height": 139
    },
    "offset": {
      "x": 0.5,
      "y": 0
    },
    "originalSize": {
      "width": 91,
      "height": 141
    },
    "rotated": false,
    "capInsets": [
      0,
      0,
      0,
      0
    ],
    "vertices": {
      "rawPosition": [
        -45,
        -69.5,
        0,
        45,
        -69.5,
        0,
        -45,
        69.5,
        0,
        45,
        69.5,
        0
      ],
      "indexes": [
        0,
        1,
        2,
        2,
        1,
        3
      ],
      "uv": [
        1,
        140,
        91,
        140,
        1,
        1,
        91,
        1
      ],
      "nuv": [
        0.01098901098901099,
        0.0070921985815602835,
        1,
        0.0070921985815602835,
        0.01098901098901099,
        0.9929078014184397,
        1,
        0.9929078014184397
      ],
      "minPos": {
        "x": -45,
        "y": -69.5,
        "z": 0
      },
      "maxPos": {
        "x": 45,
        "y": 69.5,
        "z": 0
      }
    },
    "texture": "b3c6c105-8143-4916-899c-cf5b509ba3b3@6c48a",
    "packable": true,
    "pixelsToUnit": 100,
    "pivot": {
      "x": 0.5,
      "y": 0.5
    },
    "meshType": 0
  }
}