{
  "__type__": "cc.SpriteFrame",
  "content": {
    "name": "big_red_4",
    "atlas": "",
    "rect": {
      "x": 1,
      "y": 1,
      "width": 95,
      "height": 137
    },
    "offset": {
      "x": 0.5,
      "y": -0.5
    },
    "originalSize": {
      "width": 96,
      "height": 138
    },
    "rotated": false,
    "capInsets": [
      0,
      0,
      0,
      0
    ],
    "vertices": {
      "rawPosition": [
        -47.5,
        -68.5,
        0,
        47.5,
        -68.5,
        0,
        -47.5,
        68.5,
        0,
        47.5,
        68.5,
        0
      ],
      "indexes": [
        0,
        1,
        2,
        2,
        1,
        3
      ],
      "uv": [
        1,
        137,
        96,
        137,
        1,
        0,
        96,
        0
      ],
      "nuv": [
        0.010416666666666666,
        0,
        1,
        0,
        0.010416666666666666,
        0.9927536231884058,
        1,
        0.9927536231884058
      ],
      "minPos": {
        "x": -47.5,
        "y": -68.5,
        "z": 0
      },
      "maxPos": {
        "x": 47.5,
        "y": 68.5,
        "z": 0
      }
    },
    "texture": "e477a0c2-fe12-418c-9d8c-8de547f586e6@6c48a",
    "packable": true,
    "pixelsToUnit": 100,
    "pivot": {
      "x": 0.5,
      "y": 0.5
    },
    "meshType": 0
  }
}