{
  "__type__": "cc.SpriteFrame",
  "content": {
    "name": "big_black_J",
    "atlas": "",
    "rect": {
      "x": 5,
      "y": 3,
      "width": 71,
      "height": 137
    },
    "offset": {
      "x": 0,
      "y": -0.5
    },
    "originalSize": {
      "width": 81,
      "height": 142
    },
    "rotated": false,
    "capInsets": [
      0,
      0,
      0,
      0
    ],
    "vertices": {
      "rawPosition": [
        -35.5,
        -68.5,
        0,
        35.5,
        -68.5,
        0,
        -35.5,
        68.5,
        0,
        35.5,
        68.5,
        0
      ],
      "indexes": [
        0,
        1,
        2,
        2,
        1,
        3
      ],
      "uv": [
        5,
        139,
        76,
        139,
        5,
        2,
        76,
        2
      ],
      "nuv": [
        0.06172839506172839,
        0.014084507042253521,
        0.9382716049382716,
        0.014084507042253521,
        0.06172839506172839,
        0.9788732394366197,
        0.9382716049382716,
        0.9788732394366197
      ],
      "minPos": {
        "x": -35.5,
        "y": -68.5,
        "z": 0
      },
      "maxPos": {
        "x": 35.5,
        "y": 68.5,
        "z": 0
      }
    },
    "texture": "b23747ae-c214-40db-91c7-0d6489938497@6c48a",
    "packable": true,
    "pixelsToUnit": 100,
    "pivot": {
      "x": 0.5,
      "y": 0.5
    },
    "meshType": 0
  }
}