{
  "__type__": "cc.SpriteFrame",
  "content": {
    "name": "big_red_Q",
    "atlas": "",
    "rect": {
      "x": 1,
      "y": 1,
      "width": 116,
      "height": 162
    },
    "offset": {
      "x": 0,
      "y": -0.5
    },
    "originalSize": {
      "width": 118,
      "height": 163
    },
    "rotated": false,
    "capInsets": [
      0,
      0,
      0,
      0
    ],
    "vertices": {
      "rawPosition": [
        -58,
        -81,
        0,
        58,
        -81,
        0,
        -58,
        81,
        0,
        58,
        81,
        0
      ],
      "indexes": [
        0,
        1,
        2,
        2,
        1,
        3
      ],
      "uv": [
        1,
        162,
        117,
        162,
        1,
        0,
        117,
        0
      ],
      "nuv": [
        0.00847457627118644,
        0,
        0.9915254237288136,
        0,
        0.00847457627118644,
        0.9938650306748467,
        0.9915254237288136,
        0.9938650306748467
      ],
      "minPos": {
        "x": -58,
        "y": -81,
        "z": 0
      },
      "maxPos": {
        "x": 58,
        "y": 81,
        "z": 0
      }
    },
    "texture": "ea272037-6d41-4b8d-8a53-07b124282e52@6c48a",
    "packable": true,
    "pixelsToUnit": 100,
    "pivot": {
      "x": 0.5,
      "y": 0.5
    },
    "meshType": 0
  }
}