{
  "__type__": "cc.SpriteFrame",
  "content": {
    "name": "small_black_8",
    "atlas": "",
    "rect": {
      "x": 0,
      "y": 1,
      "width": 30,
      "height": 45
    },
    "offset": {
      "x": 0,
      "y": 0
    },
    "originalSize": {
      "width": 30,
      "height": 47
    },
    "rotated": false,
    "capInsets": [
      0,
      0,
      0,
      0
    ],
    "vertices": {
      "rawPosition": [
        -15,
        -22.5,
        0,
        15,
        -22.5,
        0,
        -15,
        22.5,
        0,
        15,
        22.5,
        0
      ],
      "indexes": [
        0,
        1,
        2,
        2,
        1,
        3
      ],
      "uv": [
        0,
        46,
        30,
        46,
        0,
        1,
        30,
        1
      ],
      "nuv": [
        0,
        0.02127659574468085,
        1,
        0.02127659574468085,
        0,
        0.9787234042553191,
        1,
        0.9787234042553191
      ],
      "minPos": {
        "x": -15,
        "y": -22.5,
        "z": 0
      },
      "maxPos": {
        "x": 15,
        "y": 22.5,
        "z": 0
      }
    },
    "texture": "fe844a37-2d8a-49a1-9c3f-970851a30141@6c48a",
    "packable": true,
    "pixelsToUnit": 100,
    "pivot": {
      "x": 0.5,
      "y": 0.5
    },
    "meshType": 0
  }
}