{
  "__type__": "cc.SpriteFrame",
  "content": {
    "name": "big_black_9",
    "atlas": "",
    "rect": {
      "x": 1,
      "y": 1,
      "width": 87,
      "height": 139
    },
    "offset": {
      "x": 0.5,
      "y": -0.5
    },
    "originalSize": {
      "width": 88,
      "height": 140
    },
    "rotated": false,
    "capInsets": [
      0,
      0,
      0,
      0
    ],
    "vertices": {
      "rawPosition": [
        -43.5,
        -69.5,
        0,
        43.5,
        -69.5,
        0,
        -43.5,
        69.5,
        0,
        43.5,
        69.5,
        0
      ],
      "indexes": [
        0,
        1,
        2,
        2,
        1,
        3
      ],
      "uv": [
        1,
        139,
        88,
        139,
        1,
        0,
        88,
        0
      ],
      "nuv": [
        0.011363636363636364,
        0,
        1,
        0,
        0.011363636363636364,
        0.9928571428571429,
        1,
        0.9928571428571429
      ],
      "minPos": {
        "x": -43.5,
        "y": -69.5,
        "z": 0
      },
      "maxPos": {
        "x": 43.5,
        "y": 69.5,
        "z": 0
      }
    },
    "texture": "9c08f2a3-9594-4aed-a5ad-b16bf0f4c187@6c48a",
    "packable": true,
    "pixelsToUnit": 100,
    "pivot": {
      "x": 0.5,
      "y": 0.5
    },
    "meshType": 0
  }
}