{
  "__type__": "cc.SpriteFrame",
  "content": {
    "name": "big_red_7",
    "atlas": "",
    "rect": {
      "x": 0,
      "y": 1,
      "width": 78,
      "height": 137
    },
    "offset": {
      "x": 0,
      "y": -0.5
    },
    "originalSize": {
      "width": 78,
      "height": 138
    },
    "rotated": false,
    "capInsets": [
      0,
      0,
      0,
      0
    ],
    "vertices": {
      "rawPosition": [
        -39,
        -68.5,
        0,
        39,
        -68.5,
        0,
        -39,
        68.5,
        0,
        39,
        68.5,
        0
      ],
      "indexes": [
        0,
        1,
        2,
        2,
        1,
        3
      ],
      "uv": [
        0,
        137,
        78,
        137,
        0,
        0,
        78,
        0
      ],
      "nuv": [
        0,
        0,
        1,
        0,
        0,
        0.9927536231884058,
        1,
        0.9927536231884058
      ],
      "minPos": {
        "x": -39,
        "y": -68.5,
        "z": 0
      },
      "maxPos": {
        "x": 39,
        "y": 68.5,
        "z": 0
      }
    },
    "texture": "8a12e464-014a-49bc-a6e6-124174176483@6c48a",
    "packable": true,
    "pixelsToUnit": 100,
    "pivot": {
      "x": 0.5,
      "y": 0.5
    },
    "meshType": 0
  }
}