{
  "__type__": "cc.SpriteFrame",
  "content": {
    "name": "big_red_J",
    "atlas": "",
    "rect": {
      "x": 1,
      "y": 2,
      "width": 70,
      "height": 138
    },
    "offset": {
      "x": -4.5,
      "y": 0
    },
    "originalSize": {
      "width": 81,
      "height": 142
    },
    "rotated": false,
    "capInsets": [
      0,
      0,
      0,
      0
    ],
    "vertices": {
      "rawPosition": [
        -35,
        -69,
        0,
        35,
        -69,
        0,
        -35,
        69,
        0,
        35,
        69,
        0
      ],
      "indexes": [
        0,
        1,
        2,
        2,
        1,
        3
      ],
      "uv": [
        1,
        140,
        71,
        140,
        1,
        2,
        71,
        2
      ],
      "nuv": [
        0.012345679012345678,
        0.014084507042253521,
        0.8765432098765432,
        0.014084507042253521,
        0.012345679012345678,
        0.9859154929577465,
        0.8765432098765432,
        0.9859154929577465
      ],
      "minPos": {
        "x": -35,
        "y": -69,
        "z": 0
      },
      "maxPos": {
        "x": 35,
        "y": 69,
        "z": 0
      }
    },
    "texture": "004ecb93-7c31-4c09-8cc6-7d4b97ec95b3@6c48a",
    "packable": true,
    "pixelsToUnit": 100,
    "pivot": {
      "x": 0.5,
      "y": 0.5
    },
    "meshType": 0
  }
}